mode,max_iter,iterations,convergence_warnings,n,p
canonical,2000,602,0,2651,77
canonical,2000,11,0,2651,3
canonical,2000,650,0,2651,77
canonical,2000,11,0,2651,3
canonical,2000,541,0,2651,77
canonical,2000,11,0,2651,3
canonical,2000,542,0,2651,77
canonical,2000,11,0,2651,3
canonical,2000,624,0,2651,77
canonical,2000,11,0,2651,3
canonical,2000,651,0,2651,77
canonical,2000,11,0,2651,3
canonical,2000,549,0,2651,77
canonical,2000,11,0,2651,3
canonical,2000,497,0,2651,77
canonical,2000,11,0,2651,3
canonical,2000,632,0,2651,77
canonical,2000,11,0,2651,3
canonical,2000,550,0,2651,77
canonical,2000,11,0,2651,3
canonical,2000,490,0,2651,77
canonical,2000,11,0,2651,3
canonical,2000,555,0,2651,77
canonical,2000,11,0,2651,3
canonical,2000,595,0,2651,77
canonical,2000,11,0,2651,3
canonical,2000,502,0,2651,77
canonical,2000,11,0,2651,3
canonical,2000,498,0,2651,77
canonical,2000,11,0,2651,3
canonical,2000,625,0,2651,77
canonical,2000,11,0,2651,3
canonical,2000,535,0,2651,77
canonical,2000,11,0,2651,3
canonical,2000,586,0,2651,77
canonical,2000,11,0,2651,3
canonical,2000,523,0,2651,77
canonical,2000,11,0,2651,3
canonical,2000,582,0,2651,77
canonical,2000,11,0,2651,3
canonical,2000,598,0,2289,76
canonical,2000,11,0,2289,2
canonical,2000,456,0,2289,76
canonical,2000,11,0,2289,2
canonical,2000,644,0,2289,76
canonical,2000,11,0,2289,2
canonical,2000,518,0,2289,76
canonical,2000,11,0,2289,2
canonical,2000,603,0,2289,76
canonical,2000,11,0,2289,2
canonical,2000,684,0,2289,76
canonical,2000,11,0,2289,2
canonical,2000,442,0,2289,76
canonical,2000,11,0,2289,2
canonical,2000,578,0,2289,76
canonical,2000,11,0,2289,2
canonical,2000,677,0,2289,76
canonical,2000,11,0,2289,2
canonical,2000,498,0,2289,76
canonical,2000,11,0,2289,2
canonical,2000,445,0,2289,76
canonical,2000,11,0,2289,2
canonical,2000,509,0,2289,76
canonical,2000,11,0,2289,2
canonical,2000,555,0,2289,76
canonical,2000,11,0,2289,2
canonical,2000,455,0,2289,76
canonical,2000,11,0,2289,2
canonical,2000,480,0,2289,76
canonical,2000,11,0,2289,2
canonical,2000,559,0,2289,76
canonical,2000,11,0,2289,2
canonical,2000,474,0,2289,76
canonical,2000,11,0,2289,2
canonical,2000,590,0,2289,76
canonical,2000,11,0,2289,2
canonical,2000,501,0,2289,76
canonical,2000,11,0,2289,2
canonical,2000,538,0,2289,76
canonical,2000,11,0,2289,2
canonical,2000,655,0,2528,75
canonical,2000,12,0,2528,3
canonical,2000,669,0,2528,75
canonical,2000,12,0,2528,3
canonical,2000,610,0,2528,75
canonical,2000,12,0,2528,3
canonical,2000,591,0,2528,75
canonical,2000,12,0,2528,3
canonical,2000,642,0,2528,75
canonical,2000,12,0,2528,3
canonical,2000,583,0,2528,75
canonical,2000,12,0,2528,3
canonical,2000,520,0,2528,75
canonical,2000,12,0,2528,3
canonical,2000,501,0,2528,75
canonical,2000,12,0,2528,3
canonical,2000,463,0,2528,75
canonical,2000,12,0,2528,3
canonical,2000,599,0,2528,75
canonical,2000,12,0,2528,3
canonical,2000,603,0,2528,75
canonical,2000,12,0,2528,3
canonical,2000,511,0,2528,75
canonical,2000,12,0,2528,3
canonical,2000,646,0,2528,75
canonical,2000,12,0,2528,3
canonical,2000,644,0,2528,75
canonical,2000,12,0,2528,3
canonical,2000,626,0,2528,75
canonical,2000,12,0,2528,3
canonical,2000,589,0,2528,75
canonical,2000,12,0,2528,3
canonical,2000,604,0,2528,75
canonical,2000,12,0,2528,3
canonical,2000,543,0,2528,75
canonical,2000,12,0,2528,3
canonical,2000,579,0,2528,75
canonical,2000,12,0,2528,3
canonical,2000,643,0,2528,75
canonical,2000,12,0,2528,3
canonical,2000,202,0,1871,71
canonical,2000,10,0,1871,2
canonical,2000,237,0,1871,71
canonical,2000,10,0,1871,2
canonical,2000,191,0,1871,71
canonical,2000,10,0,1871,2
canonical,2000,196,0,1871,71
canonical,2000,10,0,1871,2
canonical,2000,207,0,1871,71
canonical,2000,10,0,1871,2
canonical,2000,198,0,1871,71
canonical,2000,10,0,1871,2
canonical,2000,228,0,1871,71
canonical,2000,10,0,1871,2
canonical,2000,217,0,1871,71
canonical,2000,10,0,1871,2
canonical,2000,220,0,1871,71
canonical,2000,10,0,1871,2
canonical,2000,223,0,1871,71
canonical,2000,10,0,1871,2
canonical,2000,211,0,1871,71
canonical,2000,10,0,1871,2
canonical,2000,196,0,1871,71
canonical,2000,10,0,1871,2
canonical,2000,210,0,1871,71
canonical,2000,10,0,1871,2
canonical,2000,205,0,1871,71
canonical,2000,10,0,1871,2
canonical,2000,230,0,1871,71
canonical,2000,10,0,1871,2
canonical,2000,223,0,1871,71
canonical,2000,10,0,1871,2
canonical,2000,214,0,1871,71
canonical,2000,10,0,1871,2
canonical,2000,166,0,1871,71
canonical,2000,10,0,1871,2
canonical,2000,195,0,1871,71
canonical,2000,10,0,1871,2
canonical,2000,204,0,1871,71
canonical,2000,10,0,1871,2
canonical,2000,274,0,780,64
canonical,2000,4,0,780,2
canonical,2000,371,0,780,64
canonical,2000,4,0,780,2
canonical,2000,297,0,780,64
canonical,2000,4,0,780,2
canonical,2000,368,0,780,64
canonical,2000,4,0,780,2
canonical,2000,412,0,780,64
canonical,2000,4,0,780,2
canonical,2000,406,0,780,64
canonical,2000,4,0,780,2
canonical,2000,434,0,780,64
canonical,2000,4,0,780,2
canonical,2000,377,0,780,64
canonical,2000,4,0,780,2
canonical,2000,204,0,780,64
canonical,2000,4,0,780,2
canonical,2000,279,0,780,64
canonical,2000,4,0,780,2
canonical,2000,307,0,780,64
canonical,2000,4,0,780,2
canonical,2000,271,0,780,64
canonical,2000,4,0,780,2
canonical,2000,442,0,780,64
canonical,2000,4,0,780,2
canonical,2000,242,0,780,64
canonical,2000,4,0,780,2
canonical,2000,326,0,780,64
canonical,2000,4,0,780,2
canonical,2000,402,0,780,64
canonical,2000,4,0,780,2
canonical,2000,278,0,780,64
canonical,2000,4,0,780,2
canonical,2000,387,0,780,64
canonical,2000,4,0,780,2
canonical,2000,195,0,780,64
canonical,2000,4,0,780,2
canonical,2000,180,0,780,64
canonical,2000,4,0,780,2
